id,market_id,name,city,state,event_type,cadence,is_recurring_venue,food_truck_friendly,trip_type,verification_status,needs_confirmation,distance_from_columbia_mi,month,typical_dates,attendance_estimate,attendance_text,food_vendor_fee,application_method,contact_name,contact_email,contact_phone,homepage_url,primary_source_url,lat,lng,notes
1,1,Columbia Farmers Market,Columbia,MO,farmers_market,year_round,false,concession_friendly,hometown,verified,false,0,Year-round,"Sat 8a-12p (Apr-Oct), Wed 4-7p (May-Aug), member Sat (Nov-Mar)",,Steady local traffic,Not researched,Vendor membership application,,,,columbiafarmersmarket.org/how-to/become-a-vendor,columbiafarmersmarket.org/how-to/become-a-vendor,,,At Agriculture Park (1769 W. Ash St). PRODUCER-ONLY market - caps non-farmer processors/artisans/service vendors at 20% of membership. May limit a hot-dog truck's eligibility/slots.
2,1,True/False Film Fest,Columbia,MO,festival,annual,false,unconfirmed,hometown,verified,true,0,March,Mar 5-8 (2026); Mar 4-7 (2027),,Large (downtown crowds),Not researched,Contact organizer,573,,442-TRUE,truefalse.org,truefalse.org,,,"Downtown venues (Ragtag, Jesse Hall, Missouri Theatre, Blue Note). A documentary FILM fest - food-truck friendliness NOT established. Worth a direct ask given the crowds."
3,2,Fountain Fest,Kansas City,MO,festival,annual,false,unconfirmed,day_trip,verified,true,125,April,Mid-April (~Apr 19),,Small (selects ~5 trucks),No participation fee,"Online ""Apply Now to Serve"" form",,jeff.coffkc@gmail.com,,cityoffountains.org/fountain-fest-food-trucks,cityoffountains.org/fountain-fest-food-trucks,,,Deadline historically early April (Apr 5 in 2025). 2025 instance was canceled then relaunched - confirm it's actually happening.
4,1,Columbia Area Earth Day Festival,Columbia,MO,art_fair,annual,false,explicit_yes,hometown,verified,false,0,April,Apr 26 (rain date May 3); 12-6pm,200,200+ vendors (35th year),Not researched,Separate food-vendor application,(Laura),comoearthday@gmail.com,573-875-0539,columbiaearthday.org,columbiaearthday.org,,,"At Peace Park / downtown. Explicitly food-truck-friendly (""the health permit you already have is all you need""). Booths expected to sell out - deadline ~Mar 31."
5,16,Memphis in May / World Championship BBQ,Memphis,TN,bbq_fest,annual,false,concession_friendly,overnight,verified,true,290,May,Mid-May (May 13-16),,Large,Not researched,Vendor application (annual),,,,memphisinmay.org/vendor,memphisinmay.org/vendor,,,2026 application already CLOSED (deadline Feb 27) and 2026 event already occurred. Track for 2027 cycle.
6,1,Hermann Maifest,Hermann,MO,festival,annual,false,unconfirmed,day_trip,verified,true,75,May,Mid-May (2027),,Wine-country crowd,Not researched,Vendor market application,,hermannmoartscouncil@gmail.com,,maifesthermann.org,maifesthermann.org,,,Outdoor vendor market is artisan-priority and historically one-day Saturday - food-truck vending not explicitly confirmed.
7,11,Wichita Riverfest,Wichita,KS,festival,annual,false,concession_friendly,overnight,verified,false,280,May-June,Late May - early June (May 29-Jun 6),,Large (9-day),Not researched,Food & Beverage Vendor Application PDF,Wichita Festivals Inc,,316-267-2817,wichitariverfest.com/food,wichitariverfest.com/food,,,Food Court + Douglas Street food vendors (ticketless/cashless).
8,3,Sauce Food Truck Fridays,St. Louis,MO,food_truck_rally,multi_week,false,concession_friendly,day_trip,verified,false,125,May-Oct (8 Fridays),"May 1, May 29, Jun 12, Jun 26, Aug 7, Aug 21, Sep 11, Oct 2",,20+ trucks (free admission),Not researched,Dedicated vendor app - apply per date,St. Louis Food Truck Association / Sauce Magazine,,,saucemagazine.com/food-truck-fridays-2026,saucemagazine.com/food-truck-fridays-2026,,,At Tower Grove Park. Trucks rotate per date - apply for specific dates. Closest/easiest of the regional finds.
9,3,Edwardsville Route 66 Festival,Edwardsville,IL,festival,annual,false,concession_friendly,day_trip,verified,true,120,June,Saturday (Jun 13),,Single-day,Not researched,2026 Food Vendor Application PDF,City of Edwardsville,,,cityofedwardsville.com/811/Edwardsville-Route-66-Festival,cityofedwardsville.com/811/Edwardsville-Route-66-Festival,,,Metro East / St. Louis side via I-70. 2026 was Route 66 centennial. 2026 date passed - plan 2027.
10,1,Moberly Railroad Days,Moberly,MO,festival,annual,false,concession_friendly,day_trip,verified,false,36,June,Jun 3-6,,Free admission (multi-day),Not researched,Dedicated food-vendor page,Moberly Rotary Club,,,railroaddays.com/events/food-vendors,railroaddays.com/events/food-vendors,,,At Depot Park downtown. Carnival + nightly music + craft/food vendors + beer garden.
11,1,Boonville Heritage Days,Boonville,MO,cultural_fest,annual,false,unconfirmed,day_trip,verified,true,28,June,Fourth weekend of June,,Community festival,Not researched,Confirm process w/ Chamber,Boonville Area Chamber of Commerce,,,boonvillemochamber.com/heritage-days,boonvillemochamber.com/heritage-days,,,"Parade + carnival + arts/craft booths + food vendors (since 1989). The ""2026 Food Vendor Packet"" claim was refuted - confirm application directly with the Chamber."
12,1,National Tom Sawyer Days,Hannibal,MO,festival,annual,false,concession_friendly,day_trip,verified,false,100,June-July,Jun 27 - Jul 5 (centered on Jul 4),,Multi-day,Not researched,Hannibal Jaycees (annual),,,,visithannibal.com/events/71st-annual-national-tom-sawyer-days,visithannibal.com/events/71st-annual-national-tom-sawyer-days,,,Main Street downtown Hannibal. Fees / application contact not yet captured.
13,1,Boone County Fair,Columbia,MO,county_fair,annual,false,concession_friendly,hometown,verified,false,0,July,Jul 21-25,,County fair (booth hrs 5-10pm),Not researched,Vendor registration (opened Feb 26),,,573-474-9435,theboonecountyfair.com/vendors,theboonecountyfair.com/vendors,,,At 5212 N Oakland Gravel Rd (within city limits). Actively recruiting food vendors / craft vendors / businesses.
14,10,Lancaster County Super Fair,Lincoln,NE,county_fair,annual,false,concession_friendly,overnight,verified,true,330,Summer (verify),Late July / early August (verify),,Mid-size county fair,Not researched,Online vendor application,,,,superfair.org/support/vendor,superfair.org/support/vendor,,,At Sandhills Global Event Center. Exact 2026 dates not captured - verify.
15,7,Mississippi Valley Fair,Davenport,IA,county_fair,annual,false,concession_friendly,overnight,verified,false,270,August,Aug 4-9,295000,~295000 (6-day),Not researched,Mailed Commercial Space Application,,vicky@mvfair.com,563-326-5338,mvfair.com/commercial-space,mvfair.com/commercial-space,,,Quad Cities. 200+ commercial vendor spaces. Apply by mail / call Vicky.
16,4,Birthplace of Route 66 Festival,Springfield,MO,festival,annual,false,concession_friendly,overnight,verified,false,165,August,Aug 7-8,65000,65000+ (expecting 70000+),Not researched,Vendor application,,,,route66festivalsgf.com/vendors,route66festivalsgf.com/vendors,,,Downtown Springfield. Free to public.
17,1,Missouri State Fair,Sedalia,MO,state_fair,annual,false,concession_friendly,day_trip,verified,false,90,August,Aug 13-23,329000,329000-350000,"Outdoor concession $75-$105 per front foot (10-ft min, electric extra); indoor booths $750-$1,100",2026 Vendor Application PDF to Concessions Dept (mail/email/fax),fax,vendors@mda.mo.gov,660-827-8160,mostatefair.com/participate/commercial/vendor-concessionaire,mostatefair.com/participate/commercial/vendor-concessionaire,,,BEST big-fair target - largest event reachable without serious travel. Conflicts with Iowa State Fair (same dates).
18,6,Iowa State Fair,Des Moines,IA,state_fair,annual,false,concession_friendly,overnight,verified,false,200,August,Aug 13-23,,Large (11-day),19.5% of gross after sales tax (min $80 per front foot); $25 per front foot deposit when space offered,Commercial space application - cycle OPENS IN JANUARY,,,,iowastatefair.org/participate/commercial-space,iowastatefair.org/participate/commercial-space,,,DATE CONFLICT with Missouri State Fair (identical Aug 13-23) - pick one. Prior exhibitors get first option.
19,5,Illinois State Fair,Springfield,IL,state_fair,annual,false,unconfirmed,day_trip,partial,true,140,August,Mid-late August (unverified),,Large,Not researched,Official PDF (isfvendorapplication.pdf) - MUST include color photos (2 for outdoor: day + night),,,,statefair.illinois.gov/food/vendor-applications.html,statefair.illinois.gov/food/vendor-applications.html,,,Exact 2026 dates and fairgrounds building address could NOT be verified - confirm directly.
20,10,Nebraska State Fair,Grand Island,NE,state_fair,annual,false,concession_friendly,overnight,verified,false,419,Aug-Sep,Aug 28 - Sep 7 (ends Labor Day),,Large,Greater of $600 guarantee OR 18% of gross less sales tax per location (guarantee due before Jul 1); free to apply,"Embedded online application - pick ""Concession (food or beverage)""",Keaton Irwin,kirwin@statefair.org,308-382-1620,statefair.org/food-vendors/vendor-application,statefair.org/food-vendors/vendor-application,,,New application required each year.
21,9,SeptemberFest Omaha,Omaha,NE,festival,annual,false,unconfirmed,overnight,partial,true,340,September,Labor Day weekend (4 days),20000,20000+ festival (~40000 parade),Not researched,See official site,,,,septemberfestomaha.com,septemberfestomaha.com,,,Attendance is self-reported. Confirm exact 2026 dates and vendor application.
22,4,MO Food Truck Fest,Springfield,MO,food_truck_rally,annual,false,concession_friendly,overnight,verified,false,165,September,Saturday (Sep 12),,Mid-size,Not researched,Email application,,larry@ozarkempirefair.com,417-833-2660,mofoodtruckfest.wordpress.com,mofoodtruckfest.wordpress.com,,,At Ozark Empire Fairgrounds. As of mid-2026 Taco/BBQ/Sweet categories reportedly booked - hot dog truck may still have an opening.
23,3,Belleville Oktoberfest,Belleville,IL,oktoberfest,annual,false,unconfirmed,day_trip,verified,true,120,September,Late September (Fri-Sun ~Sep 19-21),,3-day,Not researched,Vendor application (verify 2026),Belleville Chamber of Commerce,,,bellevilleoktoberfest.com,bellevilleoktoberfest.com,,,Metro East / St. Louis side. Dates inferred from 2025 - confirm exact 2026 weekend.
24,1,Hermann Harvest Festival,Hermann,MO,festival,annual,false,explicit_yes,day_trip,verified,false,75,September,Sep 26 (10a-5p),,Wine-country crowd ($5 admission),Not researched,Vendor application,,,,visithermann.com/event/hermann-harvest-festival-4,visithermann.com/event/hermann-harvest-festival-4,,,At 231 E 5th St. Explicitly features food trucks + craft vendors.
25,1,Old Munichburg Oktoberfest,Jefferson City,MO,oktoberfest,annual,false,explicit_yes,day_trip,verified,false,30,September,Saturday Sep 26,,25th annual (10a-6p),Not researched,Public vendor application PDF,,,,oldmunichburg.com/oktoberfest.html,oldmunichburg.com/oktoberfest.html,,,Historic Southside/Munichburg district. Craft + food vendors + beer/wine garden. Hot dogs already served at the beer garden - strong fit.
26,2,18th & Vine Arts Festival,Kansas City,MO,art_fair,annual,false,explicit_yes,day_trip,verified,false,126,September,Sep 25-27,,Thousands (selects 10 trucks),Fri $125 / Sat $225 / Sun $125 / full weekend $400; no application fee,Dedicated food truck application page,,info@18thandvineartsfest.org,,18thandvineartsfestival.com/foodtruck,18thandvineartsfestival.com/foodtruck,,,Explicitly food-truck-friendly. Historic 18th & Vine Jazz District.
27,13,Tulsa State Fair,Tulsa,OK,state_fair,annual,false,concession_friendly,overnight,verified,false,346,October,Oct 1-11,,Large,Not researched,Online vendor space app - product/menu/setup photos required (up to 4 files),,,,tulsastatefair.com,tulsastatefair.com,,,REVIEW PROCESS BEGINS MAY 1 - apply early. Expo Square.
28,17,Celebrate Nashville Cultural Festival,Nashville,TN,cultural_fest,annual,false,concession_friendly,overnight,verified,false,480,October,First Saturday (Oct 3),,Large,Food truck space $350; single 10x10 tent $300 (pay after approval),2026 food vendor application,,,,celebratenashville.org/2026-food-vendor-application,celebratenashville.org/2026-food-vendor-application,,,Centennial Park. Outer edge of radius (~480 mi).
29,1,Hermann Oktoberfest,Hermann,MO,oktoberfest,multi_week,false,concession_friendly,day_trip,verified,false,75,October,All weekends in October,,Wine-country crowds,Not researched,See visithermann.com,,,,visithermann.com/festivals-events,visithermann.com/festivals-events,,,"German food/wine/beer/music every October weekend. Sub-events: Arts & Crafts Fest Oct 11-12, Witches & Wine Oct 16."
30,1,Hartsburg Pumpkin Festival,Hartsburg,MO,art_fair,annual,false,concession_friendly,day_trip,verified,false,20,October,Oct 10-11 (9a-5p both days),25000,25000-30000+ (150+ craft vendors),Not researched,Online 2026 vendor application,,,,hartsburgpumpkinfest.com/vendor.php,hartsburgpumpkinfest.com/vendor.php,,,Short drive south along the Katy Trail. Explicitly accepts food vendors. Huge draw for a tiny town - strong opportunity.
31,15,Arkansas State Fair,Little Rock,AR,state_fair,annual,false,concession_friendly,overnight,verified,false,376,October,Oct 16-25,,Large,"Not researched - requires proof of $1,000,000 general liability insurance",Online application - accepted YEAR-ROUND no deadline,,vendors@asfg.net,501-372-8341,arkansasstatefair.com,arkansasstatefair.com,,,"Pick ""Outside - Food & Beverage."" Needs food menu + electrical (110v/30A to 220v/100A)."
32,1,Living Windows Festival,Columbia,MO,holiday_market,annual,false,unconfirmed,hometown,verified,true,0,December,First Friday of December (6-8pm),,Downtown holiday crowd,Not researched,Contact The District directly,,events@discoverthedistrict.com,,discoverthedistrict.com,discoverthedistrict.com,,,The District / downtown Columbia holiday stroll. No public food-truck application form - vending viability must be confirmed by email.
33,1,Roots N Blues / Treeline,Columbia,MO,festival,annual,false,excluded,hometown,defunct,false,0,September,N/A,,N/A,N/A,N/A,N/A,,,,N/A,,,Both Roots N Blues and successor Treeline are dead (funds squandered). No major music festival in Columbia MO at this time.
34,6,World Food & Music Festival,Des Moines,IA,music_fest,annual,false,explicit_yes,overnight,verified,false,200,August,Aug 28-30,100000,"~100,000-125,000",Not researched,Food/food-truck application form,,aregole@downtownDSMUSA.com,,dsmpartnership.com/worldfoodandmusicfestival,dsmpartnership.com/worldfoodandmusicfestival,,,Des Moines hub. Western Gateway Park. Food trucks explicitly invited. STANDOUT.
35,6,Beaverdale Fall Festival,Des Moines,IA,festival,annual,false,concession_friendly,overnight,verified,false,200,September,Sep 18-19,,15+ food trucks,Not researched,EventHub application,,vendors@fallfestival.org,,fallfestival.org,fallfestival.org,,,"Des Moines hub. Strict terms ($1M insurance, IA temp food license, Beaver Bucks)."
36,6,Iowa's Latino Heritage Festival,Des Moines,IA,cultural_fest,annual,false,concession_friendly,overnight,verified,false,200,September,Sep 26-27,,Large (2-day),Not researched,Online vendor form (apply from Feb 1),,Director@latinoheritagefestival.org,,latinoheritagefestival.org,latinoheritagefestival.org,,,Des Moines hub. Western Gateway Park. Tented food booths (concession). Apply early.
37,8,Freedom FEASTival,Cedar Rapids,IA,food_truck_rally,annual,false,explicit_yes,overnight,verified,false,255,June,Jun 11 (11a-7p),,Food-truck-centric,Not researched,See festival,,,,freedomfestival.com/feastival,freedomfestival.com/feastival,,,Cedar Rapids hub. Greene Square Park. Food trucks are the whole premise. STANDOUT.
38,8,NewBo City Market Food Truck Tuesdays,Cedar Rapids,IA,food_truck_rally,weekly,true,concession_friendly,overnight,verified,false,255,May-Aug (weekly),Tue 11a-2p,,3 trucks/week,Not researched,MarketSpread (market #34877),,,,newbocitymarket.org/food-truck-tuesdays,newbocitymarket.org/food-truck-tuesdays,,,Cedar Rapids hub. Recurring weekday slot - cluster filler. Bring generator.
39,8,Anamosa Pumpkinfest,Anamosa,IA,festival,annual,false,concession_friendly,overnight,verified,false,280,October,Oct 3,,Dozens of vendors,Not researched,Google Form,,,,anamosapumpkinfest.com,anamosapumpkinfest.com,,,~27 mi from Cedar Rapids. Concession-friendly fall festival.
40,7,Bettendorf 4th of July Festival,Bettendorf,IA,festival,annual,false,concession_friendly,overnight,verified,false,270,July,Jul 4 (noon-10p),,14-15 food vendors,Not researched,Confirm with city (no open app published),,,,bettendorf.org/community/street_fest_vendors,bettendorf.org/community/street_fest_vendors,,,Quad Cities hub. Spruce Hills Dr. Free city festival.
41,7,Alternating Currents,Davenport,IA,festival,annual,false,unconfirmed,overnight,verified,false,270,August,Aug 13-16,,Large (40+ venues),Not researched,Contact organizers,,,,alternatingcurrentsqc.com,alternatingcurrentsqc.com,,,Quad Cities hub. Music/film/comedy/art. Confirm food-vendor logistics directly.
42,7,Marketplace at 2500,Moline,IL,venue,year_round,true,concession_friendly,overnight,verified,false,270,Year-round,Rotating daily,,Food truck park,Not researched,Request a spot via form,,marketplaceat2500@gmail.com,,marketplaceat2500.com,marketplaceat2500.com,,,Quad Cities hub. Permanent food-truck court - recurring booking venue.
43,8,Northside Oktoberfest & Iowa City BrewFest,Iowa City,IA,oktoberfest,annual,false,unconfirmed,overnight,verified,false,240,September,Late Sep,,Brewfest,Not researched,See festival,,,,northsideiowacity.org,northsideiowacity.org,,,Cedar Rapids/Iowa City hub. Food-vendor angle weak - confirm before relying. 2026 date unverified.
44,8,Cedar Rapids Downtown Farmers Market,Cedar Rapids,IA,farmers_market,annual,false,concession_friendly,overnight,verified,false,255,May-Sep,Sat 7:30a-12p,,Major weekend draw,Not researched,Metro Economic Alliance,,,,cedar-rapids.org,cedar-rapids.org,,,Cedar Rapids hub. Large Sat market - investigate prepared-food/food-truck slots.
45,3,O'Fallon Food Truck Frenzy / Fright,O'Fallon,MO,food_truck_rally,annual,false,concession_friendly,day_trip,verified,false,110,May/Oct,Frenzy May 29 + Oct 9; Fright Oct,,Food-truck showcase,Not researched,Tourism & Festivals dept (confirm app path),,jchwascinski@ofallonmo.gov,636-379-5502,ofallon.mo.us/food-truck-frenzy,ofallon.mo.us/food-truck-frenzy,,,STL hub. Dames Park. Dedicated food-truck events since 2014. STANDOUT.
46,3,Dardenne Prairie Summer Concert & Food Truck Rally,Dardenne Prairie,MO,food_truck_rally,multi_week,false,concession_friendly,day_trip,verified,false,115,May-Sep,Select Fridays 6:30-9:30p,,Food truck rally,Not researched,Parks & Rec,,nichole@dardenneprairie.org,636-755-5308,dardenneprairie.org,dardenneprairie.org,,,"STL hub. City Hall Park. 2026: Jun 26, Aug 21, Sep 26. STANDOUT."
47,3,Festival of the Little Hills,St. Charles,MO,festival,annual,false,unconfirmed,day_trip,verified,false,100,August,3rd full weekend,350000,"~350,000",Not researched,"Food Committee (apps at Apr/May meetings, due May 31)",,food@festivalofthelittlehills.com,,festivalofthelittlehills.com,festivalofthelittlehills.com,,,STL hub. Historic Main St + Frontier Park. CAVEAT: favors LOCAL non-profits.
48,3,Collinsville Italian Fest,Collinsville,IL,cultural_fest,annual,false,concession_friendly,day_trip,verified,false,120,September,Sep 18-19,,30+ food vendors,Not researched,Food Vendor Application PDF (deadline Aug 1),Collinsville Chamber,,,italianfest.net/food,italianfest.net/food,,,STL Metro East hub. CAVEAT: prioritizes LOCAL vendors with Italian menus.
49,3,Highland Schweizerfest,Highland,IL,oktoberfest,annual,false,concession_friendly,day_trip,verified,false,120,June,Jun 12-14,,Carnival + vendors,Not researched,Highland Jaycees / Chamber,,,618-654-3721,highlandil.gov,highlandil.gov,,,STL Metro East hub. Downtown square. Active food/drink vendors.
50,3,Belleville Art on the Square,Belleville,IL,festival,annual,false,concession_friendly,day_trip,verified,false,120,May,May 15-17,100,100+ artists,Not researched,ZAPP / festival,,,,artonthesquare.com,artonthesquare.com,,,STL Metro East hub. CAVEAT: juried ART fair with food vendors - NOT a food-truck venue.
51,3,Land of Goshen Community Market,Edwardsville,IL,farmers_market,annual,false,concession_friendly,day_trip,verified,false,110,May-Oct,Sat,,~60 vendors,Not researched,Food Vendor Regulations (Temp Food Service),,,,goshenmarket.org/participate-vendors,goshenmarket.org/participate-vendors,,,STL Metro East hub. Producer-focused farmers market; prepared food accommodated.
52,3,Wentzville Days Fair & Music Festival,Wentzville,MO,county_fair,annual,false,concession_friendly,day_trip,verified,false,95,May,May 15-17,,Community festival,Not researched,Parks & Rec,,,,wentzvillemo.gov,wentzvillemo.gov,,,STL hub. Historic Downtown Wentzville. Food/drink/craft vendors (program less certain).
53,4,Missouri Cherry Blossom Festival,Marshfield,MO,cultural_fest,annual,false,concession_friendly,day_trip,verified,false,144,April,Apr 23-26,,Festival,Not researched,2026 vendor app PDF,Webster County Health Unit,,417-859-2532,cherryblossomfest.com,cherryblossomfest.com,,,Springfield/Ozarks hub. ~27 mi from Springfield. Liability insurance required.
54,4,Ozarks Food Truck Rally,Springfield,MO,food_truck_rally,annual,false,explicit_yes,overnight,verified,false,165,May-June,Late May/early Jun (11a-7p),,20+ trucks,Not researched,Email application,,Larry@ozarkempirefair.com,417-833-2660,ozarkempirefair.com,ozarkempirefair.com,,,Springfield hub. Ozark Empire Fairgrounds. Hot dogs explicitly featured. STANDOUT. Distinct from MO Food Truck Fest.
55,4,Laclede County Fair,Lebanon,MO,county_fair,annual,false,unconfirmed,overnight,verified,false,155,July,Jul 4-11,,County fair,Not researched,Confirm food slot,,,,lacledecountyfair.org,lacledecountyfair.org,,,Springfield/Ozarks hub. Food-truck slot NOT independently verified - confirm.
56,4,Ozark Empire Fair,Springfield,MO,county_fair,annual,false,concession_friendly,overnight,verified,false,165,Jul-Aug,Jul 30-Aug 8,150000,"150,000+",Not researched,Vendor app/handbook,,larry@ozarkempirefair.com,417-833-2660,ozarkempirefair.com/p/fair/vendors,ozarkempirefair.com/p/fair/vendors,,,Springfield hub. Largest annual event in the Ozarks. Food trucks solicited. STANDOUT.
57,4,Republic Pumpkin Daze,Republic,MO,festival,annual,false,concession_friendly,overnight,verified,false,175,October,Oct 2-3,300,300+ booths,Not researched,"Brushfire (opens Jun 1, thru Sep 1)",,vendors@republicpumpkindaze.com,,republicpumpkindaze.com,republicpumpkindaze.com,,,Springfield/Ozarks hub. J.R. Martin Park. 35th annual. Food trucks.
58,4,Ozark Craft Fair,Ozark,MO,craft_fair,annual,false,concession_friendly,overnight,verified,false,175,October,Oct 2-4,350,350+ vendors,Not researched,GFWC Utopia Club,,,,ozarkcraftfair.com,ozarkcraftfair.com,,,Springfield/Ozarks hub. Finley River Park. 52nd annual. Food vendors.
59,4,417 Christmas Market,Springfield,MO,holiday_market,annual,false,unconfirmed,overnight,verified,false,165,December,Dec (dates unconfirmed),200,200+ vendors,Not researched,Springfield Expo Center,,,417-522-1160,springfieldexpo.com,springfieldexpo.com,,,Springfield hub. 200+ vendors + food trucks. Exact 2026 dates UNCONFIRMED.
60,4,Branson Market Days / Hometown Market Days,Branson,MO,farmers_market,multi_week,false,concession_friendly,overnight,verified,false,205,Twice yearly,2-day,250,250+ booths,$400 food-truck space,Food vendor application,,,,bransonmarketdays.com/apply-food-vendor,bransonmarketdays.com/apply-food-vendor,,,Springfield/Ozarks hub. CAVEAT: caps at only 3 food trucks. Taney County permit required.
61,4,Third Thursday,Joplin,MO,festival,monthly,false,concession_friendly,day_trip,verified,false,140,Mar-Oct (monthly),3rd Thu 5:30-8:30p,5000,"5,000-8,000/month",Not researched,Monthly food-vendor process (Health Dept 417-623-6122),,,,downtownjoplin.com/thirdthursday,downtownjoplin.com/thirdthursday,,,Springfield/Ozarks hub (Joplin). 100-150 vendors. STANDOUT for repeatable attendance.
62,4,Food Truck Friday (Central Park),Carthage,MO,food_truck_rally,monthly,false,explicit_yes,day_trip,verified,false,140,Apr-Sep (monthly),2nd Fri 11a-9p,,Food-truck-centered,Not researched,Vendor page,,m.little@carthagemo.gov,417-423-8075,visitcarthage.com/foodtruckfriday,visitcarthage.com/foodtruckfriday,,,Springfield/Ozarks hub. Food trucks are 'the main event.' ~17 mi NE of Joplin.
63,4,Hold Fast Brewing,Springfield,MO,venue,year_round,true,concession_friendly,overnight,verified,false,165,Year-round,Near-daily,,Brewery rotation,Not researched,Direct outreach (no app link),,,,hfbrewing.com/food-truck-schedule,hfbrewing.com/food-truck-schedule,,,Springfield hub. ~35 food-truck slots/month. Informal booking - cluster filler.
64,2,Crossroads First Fridays,Kansas City,MO,festival,monthly,true,explicit_yes,day_trip,verified,false,125,Apr-Oct (monthly),1st Fri 5-9p,10000,"10,000+/month",~$200/event,Eventeny,,hello@artgardenkc.org,,kccrossroads.org/first-fridays,kccrossroads.org/first-fridays,,,KC hub. Art Garden KC. 20-truck Food Truck Plaza. STANDOUT for frequency. (Jul = Night Market).
65,2,Lenexa Food Truck Frenzy,Lenexa,KS,food_truck_rally,annual,false,concession_friendly,day_trip,verified,false,130,Jul & Sep,Jul 18 + Sep 19,,Food-truck showcase,Not researched,Lenexa Parks & Rec form,,,,lenexa.com/City-Calendar/Annual-Events/Food-Truck-Frenzy,lenexa.com/City-Calendar/Annual-Events/Food-Truck-Frenzy,,,KC hub. 'The metro's best food trucks.' STANDOUT truck-native event.
66,2,Parkville Days,Parkville,MO,festival,annual,false,concession_friendly,day_trip,verified,false,125,August,Late Aug (~Aug 21-23),,75+ vendors,Not researched,Main St Parkville Assoc (food-truck tier),,parkvilleevents@gmail.com,,parkvillemo.org/whatsgoingon/parkville-days,parkvillemo.org/whatsgoingon/parkville-days,,,KC hub. Dedicated 'Major Food - Concession or Food Truck' tier. Platte County permit.
67,2,Santa-Cali-Gon Days,Independence,MO,festival,annual,false,concession_friendly,day_trip,verified,false,120,September,Sep 4-7 (Labor Day),300000,"~300,000",Not researched,Open vendor application,,valerie@ichamber.biz,816-800-2642,santacaligon.com,santacaligon.com,,,KC hub. Historic Independence Square. Open food vending. STANDOUT for scale.
68,2,Lenexa Spinach Festival,Lenexa,KS,festival,annual,false,concession_friendly,day_trip,verified,false,130,September,Sep 12,,13 food vendors,Not researched,Lenexa Parks & Rec food-vendor form,,,,lenexa.com/Events-Activities/Get-Involved/Food-Vendor-Opportunities,lenexa.com/Events-Activities/Get-Involved/Food-Vendor-Opportunities,,,KC hub. Largest food-vendor count of Lenexa fests. Returning vendors get first refusal.
69,2,Great Lenexa BBQ Battle,Lenexa,KS,bbq_fest,annual,false,concession_friendly,day_trip,verified,false,130,June,~Jun 26-27,,7 food vendors,Not researched,Lenexa Parks & Rec form,,,,lenexa.com/Events-Activities/Get-Involved/Food-Vendor-Opportunities,lenexa.com/Events-Activities/Get-Involved/Food-Vendor-Opportunities,,,KC hub. Small food-vendor count - limited openings.
70,2,Lenexa Chili Challenge,Lenexa,KS,festival,annual,false,concession_friendly,day_trip,verified,false,130,October,~Oct 9-10,,6 food vendors,Not researched,Lenexa Parks & Rec form,,,,lenexa.com/Events-Activities/Get-Involved/Food-Vendor-Opportunities,lenexa.com/Events-Activities/Get-Involved/Food-Vendor-Opportunities,,,KC hub. Small food-vendor count - limited openings.
71,2,Lenexa Art Fair,Lenexa,KS,art_fair,annual,false,concession_friendly,day_trip,verified,false,130,May,May 9,,6 food trucks,Not researched,Lenexa Parks & Rec form,,,,lenexa.com/Events-Activities/Get-Involved/Food-Vendor-Opportunities,lenexa.com/Events-Activities/Get-Involved/Food-Vendor-Opportunities,,,KC hub. Includes food trucks. Small count.
72,2,Blue Springs Fall Fun Festival,Blue Springs,MO,festival,annual,false,concession_friendly,day_trip,verified,false,100,September,Sep 18-20,,Community festival,Not researched,2026 vendor application ($1M insurance),,rhall@bluespringschamber.com,,bluespringsfallfestival.com/apply,bluespringsfallfestival.com/apply,,,KC hub. Explicit 'Attention Food Trucks' regs. Downtown Blue Springs.
73,2,Plaza Art Fair,Kansas City,MO,art_fair,annual,false,concession_friendly,day_trip,verified,false,125,September,Mid-Sep,250000,"250,000+",Not researched,Confirm food program,,,,countryclubplaza.com,countryclubplaza.com,,,KC hub. Huge art fair - food is curated restaurant booths (weaker food-truck fit).
74,2,Lee's Summit Oktoberfest,Lee's Summit,MO,oktoberfest,annual,false,concession_friendly,day_trip,verified,false,115,September,Late Sep (~Sep 25-27),100000,"~100,000",Not researched,See festival,,,,lsoktoberfest.com,lsoktoberfest.com,,,KC hub. Downtown Lee's Summit. Large food/craft vendor count.
75,13,Guthrie Green Food Truck Wednesday,Tulsa,OK,food_truck_rally,weekly,true,concession_friendly,overnight,verified,false,346,Apr-Jun (weekly),Wed 11a-2p,,6-8 trucks,Not researched,Open vendor app (/food-truck),,,,guthriegreen.com/food-truck,guthriegreen.com/food-truck,,,Tulsa hub. 13th year. Recurring weekday gig - cluster filler.
76,13,Rose District Farmers Market,Broken Arrow,OK,farmers_market,weekly,true,concession_friendly,overnight,verified,false,360,Apr-Oct (weekly),Tue 4-8p / Sat 8a-12p,,15+ trucks Tue,Not researched,City of Broken Arrow,,,,brokenarrowok.gov,brokenarrowok.gov,,,Tulsa hub. 15+ rotating food trucks at BA Brewery lot Tuesdays.
77,13,Owasso Spring Fling,Owasso,OK,festival,annual,false,concession_friendly,overnight,verified,false,346,April,Apr 11 (10a-2p),,Free family event,Not researched,2026 vendor app form,,,,cityofowasso.com/769/Spring-Fling,cityofowasso.com/769/Spring-Fling,,,Tulsa hub. Redbud Festival Park. Variety of food trucks. Smaller event.
78,13,Tulsa International Mayfest,Tulsa,OK,festival,annual,false,concession_friendly,overnight,verified,false,346,May,May 29-30 (2026 reduced),,Large,Not researched,Food vendor application page,,,,tulsamayfest.org/apply-food-vendors,tulsamayfest.org/apply-food-vendors,,,Tulsa hub. 2026 'Road Trip' reduced format; full festival returns 2027. STANDOUT (2027).
79,13,Blue Dome Arts Festival,Tulsa,OK,art_fair,annual,false,concession_friendly,overnight,verified,false,346,May,Mid-May (~May 19-21),75000,"~75,000",Not researched,City of Tulsa Special Events Office,,,,cityoftulsa.org,cityoftulsa.org,,,Tulsa hub. Blue Dome District. 200+ vendors. STANDOUT for size.
80,13,Broken Arrow Rooster Days,Broken Arrow,OK,festival,annual,false,concession_friendly,overnight,verified,false,360,May,May 14-17,100,"95th yr, 100+ vendors",Not researched,Food-vendor application PDF,,,,roosterdays.com/vendors,roosterdays.com/vendors,,,Tulsa hub. Central Park on Main. Dedicated food track. STANDOUT. Apply early (2026 closed).
81,13,Bartlesville SunFest,Bartlesville,OK,festival,annual,false,concession_friendly,overnight,verified,false,390,May,May 29-31 (Memorial wknd),,Large,Not researched,Food-vendor page,,sunfestbville@gmail.com,,bartlesvillesunfest.org/food,bartlesvillesunfest.org/food,,,Tulsa hub (+45 mi N). Sooner Park. 40th annual. STANDOUT. 2026 food spots full - apply early.
82,13,Owasso Community Movie Nights,Owasso,OK,festival,monthly,false,concession_friendly,overnight,verified,false,346,May-Aug (monthly),"5/16, 6/20, 7/18, 8/15",,Small free events,Not researched,City of Owasso,,,,cityofowasso.com/611/Annual-Events,cityofowasso.com/611/Annual-Events,,,Tulsa hub. Redbud Festival Park. Small - only as fill between bigger gigs.
83,13,Bixby Green Corn Festival,Bixby,OK,festival,annual,false,concession_friendly,overnight,verified,false,360,June,Jun 24-27,,Food/craft booths,Not researched,Jim Kirkpatrick,,,918-520-8815,bixbyoptimist.com/vendors,bixbyoptimist.com/vendors,,,Tulsa hub. Bentley Park. Booth-bound only (no roaming). Apps open ~early March.
84,13,Taste On Main Food Truck Festival,Broken Arrow,OK,food_truck_rally,annual,false,explicit_yes,overnight,verified,false,360,TBD,Date fuzzy,,24+ trucks,Not researched,Facebook,,,,facebook.com/Tasteonmainba,facebook.com/Tasteonmainba,,,Tulsa hub. Rose District. Highly food-truck-focused. Confirm 2026 date.
85,13,Owasso Harvest & Pet Festival,Owasso,OK,festival,annual,false,explicit_yes,overnight,verified,false,346,October,Oct 10 (11a-4p),,Free fall event,Not researched,City of Owasso,,,,cityofowasso.com/611/Annual-Events,cityofowasso.com/611/Annual-Events,,,Tulsa hub. Redbud Festival Park. Food trucks + booth vendors.
86,13,Tulsa Oktoberfest,Tulsa,OK,oktoberfest,annual,false,unconfirmed,overnight,verified,false,346,October,Oct 22-25,,Very large (#1 US),Not researched,Applications reopen each March,,,,tulsaoktoberfest.org/applications,tulsaoktoberfest.org/applications,,,Tulsa hub. River West Festival Park. WEAK FIT: prioritizes German cuisine + fixed booths over trucks.
87,13,Marshall Brewing Company,Tulsa,OK,venue,year_round,true,concession_friendly,overnight,verified,false,346,Year-round (intermittent),Varies,,Brewery,Not researched,Facebook Events,,,,marshallbrewing.com,marshallbrewing.com,,,Tulsa hub. Intermittent food-truck bookings - supplemental fill only.
88,11,Final Friday Food & Booze Truck Rally,Wichita,KS,festival,monthly,false,concession_friendly,overnight,verified,false,280,Mar-Oct (monthly),Last Fri 5-9:30p,,~20 trucks,Not researched,Xclusive Event Services,,,,visitwichita.com,visitwichita.com,,,Wichita hub. Wichita Boathouse. 8 bookings/season from one relationship. STANDOUT repeatable gig.
89,11,Kansas State Fair,Hutchinson,KS,state_fair,annual,false,unconfirmed,overnight,verified,false,280,September,Sep 11-20,300000,"~300,000",Not researched,Commercial Vendor App (available January),,,,kansasstatefair.gov,kansasstatefair.gov,,,Wichita hub (+50 mi NW). MEGA-EVENT. CAVEAT: food spaces at capacity - waitlist only.
90,11,Smoky Hill River Festival,Salina,KS,festival,annual,false,concession_friendly,overnight,verified,false,280,June,Jun 11-14,50000,"~50,000-60,000",Not researched,Online food vendor app,,sah@salina.org,785-309-5770,riverfestival.com,riverfestival.com,,,"Wichita hub (Salina, ~90 mi N). Oakdale Park. 30+ food vendors. STANDOUT. 2026 closed; 2027 opens Fall 2026."
91,11,Smoke on the Plains (Derby BBQ & Music Fest),Derby,KS,bbq_fest,annual,false,explicit_yes,overnight,verified,false,290,June,Jun 12-13,,BBQ fest,Not researched,Paid vendor packages,,,,derbybbq.com/vendor,derbybbq.com/vendor,,,Wichita hub. High Park. 'Food Truck Row.' 15th annual.
92,11,Downtown Hutchinson Rod Run,Hutchinson,KS,festival,annual,false,concession_friendly,overnight,verified,false,280,October,Oct 2-3,25000,"~25,000",Not researched,See organizer,,,,downtownhutchrodrun.com,downtownhutchrodrun.com,,,Wichita hub. 'Pit Stop' Food Trucks & Beer Garden. Coincides with Hutch Brewfest.
93,12,Junction City Oktoberfest,Junction City,KS,oktoberfest,annual,false,concession_friendly,day_trip,verified,false,150,October,Oct 2-3,,50+ vendors,Not researched,Online Vendor Sign-Up,,,,junctioncityoktoberfest.com/about,junctioncityoktoberfest.com/about,,,Closer than Wichita (~150 mi). Washington St. 50+ food/craft vendors + craft beer.
94,11,Wichita Ribfest,Wichita,KS,bbq_fest,annual,false,unconfirmed,overnight,verified,false,280,May,Mid-May (3rd weekend),,BBQ fest,Not researched,Confirm 2026,,,,intrustbankarena.com,intrustbankarena.com,,,Wichita hub. City Lot D by INTRUST Bank Arena. 2026 dates inferred - confirm.
95,9,Taste of Omaha,Omaha,NE,festival,annual,false,concession_friendly,overnight,verified,false,340,May-June,Late May/early Jun (Fri-Sun),100000,"~100,000-125,000",Not researched,Restaurant/food application form,,,,showofficeonline.com/TasteHome,showofficeonline.com/TasteHome,,,Omaha hub. Heartland of America Park. 50+ food establishments. STANDOUT.
96,9,Junkstock,Waterloo,NE,festival,multi_week,false,concession_friendly,overnight,verified,false,345,May & Oct,"4 weekends (May 1-10, Oct 2-11)",,23+ food trucks,Not researched,Dedicated food-vendor page,,,,junkstock.com/spring2026foodvendors,junkstock.com/spring2026foodvendors,,,Omaha hub. Sycamore Farms. 4 gig weekends/year. STANDOUT.
97,9,"T&T: Trucks, Taps, Patio",Omaha,NE,venue,year_round,true,concession_friendly,overnight,verified,false,340,Year-round,Lunch/dinner slots,,Taproom,Not researched,Online guest-truck form,,BookTandT@gmail.com,,tandtomaha.com/guest-truck,tandtomaha.com/guest-truck,,,Omaha hub. Standing taproom that recruits guest trucks. Flexible non-event booking. Book 7 days ahead.
98,10,Wilber Czech Festival (Czech Days),Wilber,NE,cultural_fest,annual,false,concession_friendly,overnight,verified,false,320,Jul-Aug,Jul 31-Aug 2,,65th annual,Not researched,Vendor app (due May 31),,czechdaysvendors@gmail.com,,nebraskaczechsofwilber.com/czech-days,nebraskaczechsofwilber.com/czech-days,,,Lincoln area hub (~40 mi SW). Downtown. Food/drink vendors. STANDOUT cultural fest.
99,9,John C. Fremont Days,Fremont,NE,festival,annual,false,concession_friendly,overnight,verified,false,370,July,Jul 10-12,,Citywide festival,City Park booths $550; offsite $75/day,Food Vendor Application PDF,,,,johncfremontdays.org/entry-forms,johncfremontdays.org/entry-forms,,,Omaha hub (+~35 mi NW). NE Sales Tax ID + insurance + $100 deposit required.
100,9,Arrows to Aerospace,Bellevue,NE,festival,annual,false,concession_friendly,overnight,verified,false,335,August,Aug 13-15,,55th annual,Not researched,Direct contact,,drichter3@cox.net,402-578-5302,bokiwanis.org/arrows-to-aerospace,bokiwanis.org/arrows-to-aerospace,,,"Omaha hub. Bellevue. Welcomes food vendors (generic, not 'food trucks' specifically)."
101,9,Fiestas Patrias,Omaha,NE,cultural_fest,annual,false,concession_friendly,overnight,verified,false,340,September,Sep 11-13,,Large street festival,Not researched,Casa de la Cultura,,,,fiestaomaha.com,fiestaomaha.com,,,Omaha hub. South Omaha (24th & N). Mexican Independence. Food vendors + beer garden.
102,9,German Day Oktoberfest,Omaha,NE,oktoberfest,annual,false,unconfirmed,overnight,verified,false,340,September,~Sep 18-20,142,142nd,Not researched,German-American Society,,,,germanamericansociety.org/oktoberfest,germanamericansociety.org/oktoberfest,,,Omaha hub. DOUBTFUL fit - food appears society-provided; no outside food-truck app found.
103,9,Council Bluffs Farmers Market,Council Bluffs,IA,farmers_market,annual,false,unconfirmed,overnight,verified,false,340,May-Sep,Thu 4:30-7:30p,,Local market,Not researched,FMCB / MarketSpread,,,,councilbluffsiowa.com/farmers-market-council-bluffs,councilbluffsiowa.com/farmers-market-council-bluffs,,,Omaha hub (across river). Confirm prepared-food/concession eligibility.
104,9,Papillion Days,Papillion,NE,festival,annual,false,unconfirmed,overnight,verified,false,345,June,Jun 17-21 (Father's Day wknd),,79th annual,Not researched,'Market in the Park' (FULL for 2026),,,,papillionfoundation.org/papillion-days,papillionfoundation.org/papillion-days,,,Omaha hub. CAVEAT: food-truck slots FULL for 2026 - a 2027 lead.
105,9,Vala's Pumpkin Patch,Gretna,NE,festival,annual,false,excluded,overnight,excluded,false,350,Fall,Sep-Oct,,Large,N/A,No outside vendors,,,,valaspumpkinpatch.com,valaspumpkinpatch.com,,,Omaha hub. NOT VIABLE: internal-only food stands; runs its own hot-dog stand (Darby's Dog Depot).
106,16,Mid-South Food Truck Festival,Memphis,TN,food_truck_rally,annual,false,explicit_yes,overnight,verified,false,290,April,Apr 19 (12-5p),,~30 trucks,Not researched,Email application,,events@cynthiadanielsco.com,,downtownmemphis.com/do/mid-south-food-truck-festival,downtownmemphis.com/do/mid-south-food-truck-festival,,,Memphis hub. Martyr's Park. Food-truck-centric. STANDOUT. 11th annual (plan 2027).
107,16,Food Truck Thursday (Memphis),Memphis,TN,food_truck_rally,year_round,false,concession_friendly,overnight,verified,false,290,Year-round (weekly),Thu 11a-2p,,Lunch crowd,Not researched,Downtown Memphis Commission,,cotton@downtownmemphis.com,,downtownmemphis.com/events/food-truck-thursday,downtownmemphis.com/events/food-truck-thursday,,,Memphis hub. Court Square Park. Weekly recurring. Lunch window limits revenue.
108,16,Germantown Festival,Germantown,TN,festival,annual,false,concession_friendly,overnight,verified,false,295,September,Sep 12-13,,"52+ yr, 18-22 food spaces",Not researched,Food Chairman (separate from general form),,vincemorelli@bellsouth.net,901-502-5302,germantownfest.com/foodvendors,germantownfest.com/foodvendors,,,Memphis hub. Germantown Civic Club Complex. STANDOUT. Shelby Co health inspection.
109,16,Fall Fest Memphis Food Truck Vendor Fair,Collierville,TN,food_truck_rally,annual,false,concession_friendly,overnight,verified,false,300,October,Oct 16-17,,Food truck fair,Not researched,Email Kathy Schiavone,,kathy@fallfestmemphis.org,,fallfestmemphis.org/festival-events/food-truck-vendor-fair,fallfestmemphis.org/festival-events/food-truck-vendor-fair,,,Memphis hub. Church of the Incarnation. Explicitly welcomes food trucks. STANDOUT.
110,16,"Bartlett Festival, BBQ Contest & Car Show",Bartlett,TN,art_fair,annual,false,excluded,overnight,excluded,false,300,October,Oct 2-3,,Large BBQ fest,N/A,NOT taking food trucks (2026),,,,cityofbartlett.org/628,cityofbartlett.org/628,,,Memphis hub. EXCLUDED: official site says not accepting food truck/concession vendors for 2026. Recheck 2027.
111,17,Middle TN Food Truck Festival & Competition,Hendersonville,TN,food_truck_rally,annual,false,concession_friendly,overnight,verified,false,431,August,Aug 15,,Food-truck competition,Not researched,midtnfoodtrucks.com,,,,midtnfoodtrucks.com,midtnfoodtrucks.com,,,"Nashville hub. Veterans Park. True food-truck competition w/ 5 awards + $1,000+ prizes. STANDOUT."
112,17,Street Eats: Food Truck Thursday (Nashville),Nashville,TN,food_truck_rally,year_round,false,concession_friendly,overnight,verified,false,431,Year-round (weekly),Thu 11a-2p,,Up to 20 trucks,Not researched,BestFoodTrucks,,,,nashvilledowntown.com/do/street-eats,nashvilledowntown.com/do/street-eats,,,Nashville hub. Deaderick St. Weekly recurring. Book via BestFoodTrucks.
113,17,Nashville Oktoberfest,Nashville,TN,oktoberfest,annual,false,concession_friendly,overnight,verified,false,431,Fall,October,,Large,"Food-truck slot ~$2,000",Become-a-vendor (Food Truck category),,,,thenashvilleoktoberfest.com/become-a-vendor,thenashvilleoktoberfest.com/become-a-vendor,,,Nashville hub. Historic Germantown / Bicentennial Mall. Explicit Food Truck category. High fee.
114,17,Franklin Main Street Festival,Franklin,TN,festival,annual,false,concession_friendly,overnight,verified,false,440,April,Apr 25-26,120000,"120,000+",Not researched,Heritage Foundation / Eventeny,,,,williamsonheritage.org,williamsonheritage.org,,,Nashville hub. Downtown Franklin. CAVEAT: 2026 deadlines passed - plan 2027.
115,17,Franklin PumpkinFest,Franklin,TN,festival,annual,false,concession_friendly,overnight,verified,false,440,October,Oct 24-25,115000,"~115,000",Not researched,Eventeny (deadline Sep 18),,,,eventeny.com/events/pumpkinfest-2026-26429,eventeny.com/events/pumpkinfest-2026-26429,,,Nashville hub. Heritage Foundation. Large fall festival.
116,17,Franklin Dickens of a Christmas,Franklin,TN,holiday_market,annual,false,concession_friendly,overnight,verified,false,440,December,Dec 12-13,100000,"100,000+",Not researched,Eventeny (deadline Oct 28),,,,eventeny.com/events/dickens-of-a-christmas-2026-26433,eventeny.com/events/dickens-of-a-christmas-2026-26433,,,Nashville hub. Heritage Foundation. Large December festival.
117,17,Historic Downtown Gallatin event series,Gallatin,TN,festival,annual,false,concession_friendly,overnight,verified,false,440,Spring-Dec,"Square Fest, Main St Fest (Oct 3), etc.",25000,"25,000-30,000+",Not researched,Eventeny portal,,,,downtowngallatin.org/festival-info,downtowngallatin.org/festival-info,,,Nashville hub. Multi-event series. Food-truck acceptance implied (food area present).
118,17,Murfreesboro Parks & Rec events,Murfreesboro,TN,festival,year_round,false,unconfirmed,overnight,verified,false,420,Year-round,Varies,,Park events,Not researched,INVITE-ONLY contact list,,,,murfreesborotn.gov/2704/Food-Trucks-at-Parks-Rec-Events,murfreesborotn.gov/2704/Food-Trucks-at-Parks-Rec-Events,,,Nashville hub. Invite-only + city Mobile Food permit required. Lower priority.
119,14,"Bikes, Blues & BBQ",Rogers,AR,bbq_fest,annual,false,concession_friendly,overnight,verified,false,250,Sep-Oct,Sep 30-Oct 3,275000,"275,000-350,000+",Not researched,Online vendor app + food-vendor PDF,,,,bikesbluesandbbq.org/vendors-sponsors,bikesbluesandbbq.org/vendors-sponsors,,,NW Arkansas hub. Largest-attendance event found. Charity motorcycle rally. STANDOUT.
120,14,Downtown Bentonville First Fridays,Bentonville,AR,festival,monthly,false,concession_friendly,overnight,verified,false,250,Apr-Oct (monthly),"1st Fri, trucks open 11a",,Recurring,Not researched,Paperform (one seasonal app Feb 5-Sep 5),,,,downtownbentonville.org/events/apply,downtownbentonville.org/events/apply,,,NW Arkansas hub. Bentonville Square. Single seasonal application covers whole season.
121,14,The Boardwalk Food Court,Springdale,AR,venue,year_round,true,concession_friendly,overnight,verified,false,250,Year-round,Daily,,11 vendors,Not researched,Become-a-Vendor PDF,,fun@nwaboardwalk.com,,theboardwalknwa.com/become-a-vendor,theboardwalknwa.com/become-a-vendor,,,NW Arkansas hub. Permanent food-truck court. Recurring venue (finite slots).
122,14,Cane Hill Harvest Festival,Canehill,AR,festival,annual,false,concession_friendly,overnight,verified,false,270,September,Sep 19,,Food trucks 10a-3:30p,Not researched,Google Form (open),,,,historiccanehillar.org/festival,historiccanehillar.org/festival,,,NW Arkansas hub (~20 mi SW of Fayetteville). Same weekend as Benton County Fair - cluster.
123,14,Benton County Fair,Bentonville,AR,county_fair,annual,false,concession_friendly,overnight,verified,false,250,September,Mid-late Sep,,County fair,Not researched,Food Vendor Application (Google Form),,,,bentoncountyfairar.org/vendor-forms,bentoncountyfairar.org/vendor-forms,,,NW Arkansas hub. Benton County Fairgrounds. Welcomes concessions + food trucks.
124,14,Washington County Fair,Prairie Grove,AR,county_fair,annual,false,explicit_yes,overnight,verified,false,265,August,Late August,,AR's largest/oldest county fair,10x30 food space $300/week,Commercial Vendors page (paid by Jun 15),,,,mywashcofair.com/commercial-vendors,mywashcofair.com/commercial-vendors,,,NW Arkansas hub. Since 1857. Food trucks + 65 vendors. Exact 2026 dates unconfirmed.
125,15,Toad Suck Daze,Conway,AR,festival,annual,false,concession_friendly,overnight,verified,false,350,May,Early May (~May 1-3),,30+ food vendors,Not researched,Apply ~1 yr ahead (2026 FULL),,,,toadsuck.org/food,toadsuck.org/food,,,Central AR hub. 3 food concession areas. CAVEAT: spots fill a year+ ahead.
126,15,Arkansas Times Craft Beer Festival,North Little Rock,AR,festival,annual,false,concession_friendly,overnight,verified,false,376,April,Apr 17,,50+ breweries,Not researched,Curated/contracted food trucks,,,,northlittlerock.org,northlittlerock.org,,,"Central AR hub. Argenta Plaza. ~3-hr evening event - limited food slots, likely curated."
127,14,Steel Horse Rally,Fort Smith,AR,festival,annual,false,concession_friendly,overnight,verified,false,290,May,May 1-2,,"Thousands, 75+ vendors",Not researched,2026 Vendor Application PDF,,info@theSteelHorseRally.com,,thesteelhorserally.com,thesteelhorserally.com,,,AR River Valley hub (~58 mi S of Fayetteville). Free charity rally. Open food-truck app. Combine w/ NWA trip.
